{"routes": {"cities": {"PAR": {"1": [[48.86158937404261, 2.3469051015997464], [48.861601923292916, 2.3467273044599737], [48.861674193926326, 2.346420526797038], [48.86165202844855, 2.346409350925893], [48.86167680162959, 2.346305787853281], [48.86179526586373, 2.3463504913378617], [48.86181296099304, 2.3462093028323943], [48.86174832720492, 2.3461429926635993], [48.8616749389844, 2.346105553495263], [48.861689653881406, 2.3460504191976135], [48.86144844132919, 2.3459168675374285], [48.861082431549185, 2.347504213769083], [48.861009043328664, 2.3474745977105482], [48.860990603141275, 2.34754556449232], [48.86050333515934, 2.3473118025208666], [48.86049588457858, 2.347383514360715], [48.86028968975595, 2.3473291251211417], [48.859723073088894, 2.347159624408773], [48.85942188336153, 2.3471154797177496], [48.85940083547087, 2.3470569926587563], [48.85896963310919, 2.3474272865227004], [48.858901274030686, 2.347458578961907], [48.858799014809705, 2.347458578961907], [48.85789246539531, 2.3471832800026973], [48.8574307156525, 2.34691561788877], [48.857292693643856, 2.3469262349663578], [48.85720980593286, 2.346978389031702], [48.857167896416065, 2.3469817417930456], [48.857151691402905, 2.3470683547944207], [48.856197644536145, 2.346480690236703], [48.85611494308967, 2.3464449274490384], [48.85547363435045, 2.3460116761776435], [48.855249185604954, 2.3458174022842364], [48.85441863211435, 2.3449995147809277], [48.854383428120244, 2.3450824024919212], [48.85435492964882, 2.345097489917967], [48.85380898834338, 2.3445524799351203], [48.853791293214066, 2.344570547593472], [48.85340141401245, 2.3459577566432364]], "2": [[48.858756801263226, 2.3579946699267316], [48.858780574622315, 2.358028904155543], [48.85904711914913, 2.3582824101660194], [48.85988214298819, 2.357166499432173], [48.859897975472315, 2.357193694051959], [48.86004996731989, 2.3569867541712544], [48.86009001419149, 2.3569759508291472], [48.861162152763356, 2.3581835037063845], [48.86115097689221, 2.3582131197649194], [48.8612299530483, 2.358299360237256], [48.8612543537003, 2.3582935860371648], [48.86177753697559, 2.358903748755338]], "3": [[48.8554452975611, 2.345016774421676], [48.85530370231971, 2.347420033699003], [48.85637981605137, 2.346561726814245], [48.85731431699464, 2.3474629490432397], [48.85691786419203, 2.348192509895288], [48.857059454841206, 2.3517115681228433]]}, "MOW": {"1": [[55.75781982169344, 37.62358763750977], [55.75786487962004, 37.623480617034744], [55.75698925011581, 37.62224605580224], [55.75553545554434, 37.62468258197641], [55.755528191228095, 37.624767332332596], [55.755453126626904, 37.62490144278634], [55.75608207426177, 37.62591180884534]], "2": [[55.75695302402664, 37.61523573212431], [55.75867119984534, 37.61841146759795], [55.75920357692581, 37.6228317480545], [55.75971174823961, 37.627509520576474]], "3": [[55.755936602545965, 37.6208147268753], [55.75688042337451, 37.61519281678008], [55.75917937812596, 37.62218801789093], [55.75968754975641, 37.627852843330366], [55.761816958553446, 37.627938674018864], [55.76135720972039, 37.61884062104034], [55.758767996221025, 37.61965601258086], [55.757316025251534, 37.61476366333771], [55.7559124017103, 37.613905356452925], [55.75562199050596, 37.6206001501541]]}, "SIN": {"1": [[1.323570263999168, 103.81277551007844], [1.3325543686823318, 103.81706704450225], [1.3391196549630504, 103.806939023262], [1.3308266588153213, 103.79698266339875], [1.3403290478630558, 103.773980038887], [1.3591609445853412, 103.79320611310578], [1.3448210733308936, 103.82118691754913], [1.348794781184779, 103.85225762677766]], "2": [[1.323570263999168, 103.81277551007844], [1.3325543686823318, 103.81706704450225], [1.3391196549630504, 103.806939023262], [1.3308266588153213, 103.79698266339875], [1.3403290478630558, 103.773980038887], [1.3591609445853412, 103.79320611310578], [1.3448210733308936, 103.82118691754913], [1.348794781184779, 103.85225762677766]], "3": [[1.3287102125569514, 103.79406441999056], [1.3316473211551696, 103.79573811841581], [1.3340229211037262, 103.78930081678007], [1.330092381750371, 103.78779877973176], [1.3300491889749553, 103.7883137638626], [1.329185333305654, 103.78878583264922], [1.326809728636533, 103.78852834058381], [1.3171777078771467, 103.78762711835482], [1.312383279875138, 103.79440774274445], [1.3126424383839321, 103.79775513959501], [1.316227461627433, 103.80650986981964], [1.325989064667896, 103.80753983808137], [1.331344971904308, 103.79706849408723]], "4": [[1.3302651528444167, 103.79972924543], [1.3331590668457012, 103.79015912366485], [1.3287534053561243, 103.78552426648714], [1.323570263999168, 103.78170480084991], [1.316788970819345, 103.78269185376737], [1.3138950374593374, 103.79191865277863], [1.3207627245108684, 103.7971543247757], [1.327284849755423, 103.80015839887237], [1.3299628034218343, 103.80050172162626]], "5": [[1.3315609356587592, 103.7842797215042], [1.3214538114526275, 103.78170480084991], [1.3157091453365768, 103.78170480084991], [1.3136790721469225, 103.79363526654815], [1.329358104464001, 103.79934300733184], [1.3322520195441945, 103.7940215046463]], "6": [[1.3208491103892515, 103.79453648877714], [1.3276303923292636, 103.79148949933627], [1.3229655634582576, 103.78445138288114], [1.3195965148550546, 103.7851809437332], [1.3164002337001364, 103.7911032612381]], "7": [[1.3265505716235746, 103.78599633527372], [1.3209786892010789, 103.78230561566927], [1.324261350148685, 103.80543698621369], [1.328364670136139, 103.80440701795197], [1.3340229211037262, 103.79063119245149], [1.3329431032331904, 103.78672589612582], [1.3318632848828231, 103.78307809186553], [1.3273712354034677, 103.78445138288114]]}, "BKK": {"1": [[13.773005914100313, 100.51162013953399], [13.769440445148211, 100.50951728766631], [13.768140083945122, 100.52058944647982], [13.775312952899473, 100.52423725074006], [13.776948839164666, 100.51101932471468], [13.780933641790126, 100.51239261573029]], "2": [[13.770321330834554, 100.52552471106722], [13.77615187038151, 100.51372299140166], [13.779801125939162, 100.50578365271761], [13.782527543568769, 100.50707111304476], [13.781353090694406, 100.509817695076], [13.779968906416055, 100.51312217658234], [13.778374986959369, 100.51634082740021], [13.782066152081274, 100.51801452582552], [13.779549454995063, 100.52230606024933], [13.776193816175567, 100.52840003913114], [13.773551216261223, 100.52715549414826], [13.776697165109448, 100.5205036157913]], "3": [[13.773425377415357, 100.52526721900179], [13.776655219406884, 100.51410922949981], [13.769608233157108, 100.51033267920684], [13.766252449813562, 100.51951656287383], [13.770698852242687, 100.5261684412308]], "4": [[13.768895133277226, 100.51685581153106], [13.768056189422468, 100.51136264746857], [13.769943808809078, 100.50831565802764], [13.777074676089361, 100.5120492929764], [13.773551216261223, 100.51913032477567]], "5": [[13.766671925398434, 100.51488170569613], [13.773760947518568, 100.51925907080842], [13.77552268255589, 100.51471004431917], [13.774767654900836, 100.51535377448275], [13.772418664178662, 100.51419506018829], [13.771915305913843, 100.51488170569613], [13.771202213159878, 100.51492462104034], [13.77023743710446, 100.51419506018829], [13.77027938397333, 100.51342258399202], [13.770656905450041, 100.51277885382845], [13.769608233157108, 100.51217803900909]], "6": [[13.76864345044084, 100.5221773142166], [13.776613273696722, 100.50531158393098]], "7": [[13.770656905450041, 100.52573928778837], [13.773719001282332, 100.51900157874299], [13.77560657436509, 100.51471004431917], [13.777032730455417, 100.51162013953399], [13.771915305913843, 100.50917396491242]], "8": [[13.762728824822, 100.52290687506866], [13.780975586714872, 100.50423870032503], [13.769398498126941, 100.49771556800081]]},