{"routes": {"cities": {"PAR": {"1": [[48.86158937404261, 2.3469051015997464], [48.861601923292916, 2.3467273044599737], [48.861674193926326, 2.346420526797038], [48.86165202844855, 2.346409350925893], [48.86167680162959, 2.346305787853281], [48.86179526586373, 2.3463504913378617], [48.86181296099304, 2.3462093028323943], [48.86174832720492, 2.3461429926635993], [48.8616749389844, 2.346105553495263], [48.861689653881406, 2.3460504191976135], [48.86144844132919, 2.3459168675374285], [48.861082431549185, 2.347504213769083], [48.861009043328664, 2.3474745977105482], [48.860990603141275, 2.34754556449232], [48.86050333515934, 2.3473118025208666], [48.86049588457858, 2.347383514360715], [48.86028968975595, 2.3473291251211417], [48.859723073088894, 2.347159624408773], [48.85942188336153, 2.3471154797177496], [48.85940083547087, 2.3470569926587563], [48.85896963310919, 2.3474272865227004], [48.858901274030686, 2.347458578961907], [48.858799014809705, 2.347458578961907], [48.85789246539531, 2.3471832800026973], [48.8574307156525, 2.34691561788877], [48.857292693643856, 2.3469262349663578], [48.85720980593286, 2.346978389031702], [48.857167896416065, 2.3469817417930456], [48.857151691402905, 2.3470683547944207], [48.856197644536145, 2.346480690236703], [48.85611494308967, 2.3464449274490384], [48.85547363435045, 2.3460116761776435], [48.855249185604954, 2.3458174022842364], [48.85441863211435, 2.3449995147809277], [48.854383428120244, 2.3450824024919212], [48.85435492964882, 2.345097489917967], [48.85380898834338, 2.3445524799351203], [48.853791293214066, 2.344570547593472], [48.85340141401245, 2.3459577566432364]], "2": [[48.858756801263226, 2.3579946699267316], [48.858780574622315, 2.358028904155543], [48.85904711914913, 2.3582824101660194], [48.85988214298819, 2.357166499432173], [48.859897975472315, 2.357193694051959], [48.86004996731989, 2.3569867541712544], [48.86009001419149, 2.3569759508291472], [48.861162152763356, 2.3581835037063845], [48.86115097689221, 2.3582131197649194], [48.8612299530483, 2.358299360237256], [48.8612543537003, 2.3582935860371648], [48.86177753697559, 2.358903748755338]], "3": [[48.8554452975611, 2.345016774421676], [48.85530370231971, 2.347420033699003], [48.85637981605137, 2.346561726814245], [48.85731431699464, 2.3474629490432397], [48.85691786419203, 2.348192509895288], [48.857059454841206, 2.3517115681228433]]}, "MOW": {"1": [[55.75781982169344, 37.62358763750977], [55.75786487962004, 37.623480617034744], [55.75698925011581, 37.62224605580224], [55.75553545554434, 37.62468258197641], [55.755528191228095, 37.624767332332596], [55.755453126626904, 37.62490144278634], [55.75608207426177, 37.62591180884534]]}}}}