{"routes": {"cities": {"DXB": {"1": [[25.230972096493424, 55.29521722425075], [25.23948146370568, 55.27860898603054], [25.255709126657223, 55.283176076823025]], "2": [[25.22835671129071, 55.298178383003204], [25.234602313036003, 55.28126973737331], [25.23725659555786, 55.29663343061063]], "3": [[25.227654060798432, 55.2863766633377], [25.229332607942894, 55.28826493848416], [25.230035248629655, 55.29195565808866], [25.23120630731914, 55.29663343061063], [25.230347532061728, 55.290539451728776], [25.230386567433737, 55.28985280622099], [25.23526588915939, 55.29272813428492]]}, "TJM": {"1": [[57.151772166387936, 65.54537369513703], [57.154990752576026, 65.52468849921418], [57.156786508172196, 65.54485871100614]]}, "MOW": {"1": [[55.7548717515103, 37.61274664215849], [55.75830821128765, 37.61763899140167], [55.75968754975641, 37.62579290680693]]}, "PAR": {"1": [[48.85663468168519, 2.354672726875272], [48.85858860818459, 2.3478491871413945], [48.86071235432711, 2.341454800849884], [48.86147688075129, 2.339094456916793], [48.86209981952339, 2.339437779670686], [48.86218476511535, 2.3370774357375956], [48.86277938019884, 2.335189160591108]]}}}}